AaitIs00	Isaako Aaitui	 	1987-01-25	UNLV	2013,Miami Dolphins
abbotvin01	Vince Abbott	 	1959-05-31	Washington	1987,San Diego Chargers	1988,San Diego Chargers
AbbrJa00	Jared Abbrederis	 	1990-12-17	Wisconsin	2015,Green Bay Packers	2016,Green Bay Packers	2017,Detroit Lions
AbdeMe00	Mehdi Abdesmad	 	1991-09-28	Boston Col.	2016,Tennessee Titans
AbduAm00	Ameer Abdullah	RB	1993-06-13	Nebraska	2015,Detroit Lions	2016,Detroit Lions	2017,Detroit Lions	2018,Detroit Lions	2018,Minnesota Vikings	2019,Minnesota Vikings
AbduHa20	Hamza Abdullah	 	1983-08-20	Washington St.	2005,Denver Broncos	2006,Denver Broncos	2007,Denver Broncos	2008,Cleveland Browns	2008,Denver Broncos	2009,Arizona Cardinals	2010,Arizona Cardinals	2011,Arizona Cardinals
AbduHu99	Husain Abdullah	db	1985-07-27	Washington St.	2008,Minnesota Vikings	2009,Minnesota Vikings	2010,Minnesota Vikings	2011,Minnesota Vikings	2013,Kansas City Chiefs	2014,Kansas City Chiefs	2015,Kansas City Chiefs
AbduIs00	Isa Abdul-Quddus	ss	1989-08-03	Fordham	2011,New Orleans Saints	2012,New Orleans Saints	2013,New Orleans Saints	2014,Detroit Lions	2015,Detroit Lions	2016,Miami Dolphins
AbduKa00	Karim Abdul-Jabbar	rb	1974-06-28	UCLA	1996,Miami Dolphins	1997,Miami Dolphins	1998,Miami Dolphins	1999,Cleveland Browns	1999,Miami Dolphins	2000,Indianapolis Colts
AbduKh20	Khalid Abdullah	 	1979-03-06	Mars Hill	2003,Cincinnati Bengals
AbduRa00	Rabih Abdullah	 	1975-04-27	Lehigh	1999,Tampa Bay Buccaneers	2000,Tampa Bay Buccaneers	2001,Tampa Bay Buccaneers	2002,Chicago Bears	2003,Chicago Bears	2004,New England Patriots
AbduRa20	Rahim Abdullah	LLB	1976-03-22	Clemson	1999,Cleveland Browns	2000,Cleveland Browns
AbelBu20	Bud Abell	 	1940-12-21	Missouri	1966,Kansas City Chiefs	1967,Kansas City Chiefs	1968,Kansas City Chiefs
AberWa00	Walter Abercrombie	 	1959-09-26	Baylor	1982,Pittsburgh Steelers	1983,Pittsburgh Steelers	1984,Pittsburgh Steelers	1985,Pittsburgh Steelers	1986,Pittsburgh Steelers	1987,Pittsburgh Steelers	1988,Philadelphia Eagles
AbiaVi99	Victor Abiamiri	de	1986-01-14	Notre Dame	2007,Philadelphia Eagles	2008,Philadelphia Eagles	2009,Philadelphia Eagles
AbouOd00	Oday Aboushi	rg	1991-06-05	Virginia	2014,New York Jets	2015,Houston Texans	2016,Houston Texans	2017,Seattle Seahawks	2018,Arizona Cardinals	2019,Detroit Lions
AbraBo20	Bobby Abrams	 	1967-04-12	Michigan	1990,New York Giants	1991,New York Giants	1992,Cleveland Browns	1992,Dallas Cowboys	1992,New York Giants	1993,Dallas Cowboys	1993,Minnesota Vikings	1994,Minnesota Vikings	1995,New England Patriots
AbraCl20	Clifton Abraham	 	1971-12-09	Florida St.	1995,Tampa Bay Buccaneers	1996,Chicago Bears	1997,Carolina Panthers
AbraDa00	Danny Abramowicz	LE	1945-07-13	Xavier (OH)	1967,New Orleans Saints	1968,New Orleans Saints	1969,New Orleans Saints	1970,New Orleans Saints	1971,New Orleans Saints	1972,New Orleans Saints	1973,New Orleans Saints	1973,San Francisco 49ers	1974,San Francisco 49ers
AbraDo00	Donnie Abraham	LCB	1973-10-08	East Tennessee St.	1996,Tampa Bay Buccaneers	1997,Tampa Bay Buccaneers	1998,Tampa Bay Buccaneers	1999,Tampa Bay Buccaneers	2000,Tampa Bay Buccaneers	2001,Tampa Bay Buccaneers	2002,New York Jets	2003,New York Jets	2004,New York Jets
AbraJo00	John Abraham	LB	1978-05-06	South Carolina	2000,New York Jets	2001,New York Jets	2002,New York Jets	2003,New York Jets	2004,New York Jets	2005,New York Jets	2006,Atlanta Falcons	2007,Atlanta Falcons	2008,Atlanta Falcons	2009,Atlanta Falcons	2010,Atlanta Falcons	2011,Atlanta Falcons	2012,Atlanta Falcons	2013,Arizona Cardinals	2014,Arizona Cardinals
AbraJo01	Johnathan Abram	s	1996-10-25	Mississippi St.	2019,Oakland Raiders
AbraKe20	Kevin Abrams	 	1974-02-28	Syracuse	1997,Detroit Lions	1998,Detroit Lions	1999,Detroit Lions
AbraRo20	Robert Abraham	 	1960-07-13	North Carolina St.	1982,Houston Oilers	1983,Houston Oilers	1984,Houston Oilers	1985,Houston Oilers	1986,Houston Oilers	1987,Houston Oilers
AbraSi20	Sid Abramowitz	 	1960-05-21	Air Force	1983,Baltimore Colts	1984,Seattle Seahawks	1985,New York Jets	1987,Indianapolis Colts
AbruRa20	Ray Abruzzese	rs	1937-10-27	Alabama	1962,Buffalo Bills	1963,Buffalo Bills	1964,Buffalo Bills	1965,New York Jets	1966,New York Jets
AbshDi20	Dick Absher	 	1944-04-19	Maryland	1967,Atlanta Falcons	1967,Washington Redskins	1968,Atlanta Falcons	1969,New Orleans Saints	1970,New Orleans Saints	1971,New Orleans Saints	1972,Philadelphia Eagles
AcheSt20	Steve Ache	 	1962-03-16	SW Missouri St.	1987,Minnesota Vikings
AchiGe20	George Achica	 	1960-12-19	USC	1985,Indianapolis Colts
AchoEm00	Emmanuel Acho	 	1990-11-10	Texas	2013,Philadelphia Eagles	2014,Philadelphia Eagles
AchoSa00	Sam Acho	ROLB	1988-09-06	Texas	2011,Arizona Cardinals	2012,Arizona Cardinals	2013,Arizona Cardinals	2014,Arizona Cardinals	2015,Chicago Bears	2016,Chicago Bears	2017,Chicago Bears	2018,Chicago Bears	2019,Tampa Bay Buccaneers
AckeBi20	Bill Acker	 	1956-11-07	Texas	1980,St. Louis Cardinals	1981,St. Louis Cardinals	1982,Kansas City Chiefs	1983,Buffalo Bills	1984,Buffalo Bills	1987,Kansas City Chiefs
AckeKe00	Kenneth Acker	rcb	1992-02-06	SMU	2015,San Francisco 49ers	2016,Kansas City Chiefs	2017,Kansas City Chiefs
AckeRi20	Rick Ackerman	 	1959-06-16	Memphis	1982,San Diego Chargers	1983,San Diego Chargers	1984,San Diego Chargers	1984,Los Angeles Raiders	1987,Los Angeles Raiders
AckeTo20	Tom Ackerman	 	1972-09-06	East. Washington	1996,New Orleans Saints	1997,New Orleans Saints	1998,New Orleans Saints	1999,New Orleans Saints	2000,New Orleans Saints	2001,New Orleans Saints	2002,Tennessee Titans	2003,Tennessee Titans
AcksRo20	Ron Acks	 	1944-10-03	Illinois	1968,Atlanta Falcons	1969,Atlanta Falcons	1970,Atlanta Falcons	1971,Atlanta Falcons	1972,New England Patriots	1973,New England Patriots	1974,Green Bay Packers	1975,Green Bay Packers	1976,Green Bay Packers
AcorFr20	Fred Acorn	 	1961-03-17	Texas	1984,Tampa Bay Buccaneers
AdamAn00	Andrew Adams	FS	1992-10-28	Connecticut	2016,New York Giants	2017,New York Giants	2018,Tampa Bay Buccaneers	2019,Tampa Bay Buccaneers
AdamAn20	Anthony Adams	nt	1980-06-18	Penn St.	2003,San Francisco 49ers	2004,San Francisco 49ers	2005,San Francisco 49ers	2006,San Francisco 49ers	2007,Chicago Bears	2008,Chicago Bears	2009,Chicago Bears	2010,Chicago Bears	2011,Chicago Bears
AdamBi20	Bill Adams	 	1950-02-04	Holy Cross	1972,Buffalo Bills	1974,Buffalo Bills	1975,Buffalo Bills	1976,Buffalo Bills	1977,Buffalo Bills	1978,Buffalo Bills
AdamBl20	Blue Adams	 	1979-10-15	Cincinnati	2003,Jacksonville Jaguars	2005,Tampa Bay Buccaneers	2006,Tampa Bay Buccaneers	2007,Cincinnati Bengals
AdamBo00	Bob Adams	 	1946-08-15	Pacific	1969,Pittsburgh Steelers	1970,Pittsburgh Steelers	1971,Pittsburgh Steelers	1973,New England Patriots	1974,New England Patriots	1975,Denver Broncos	1976,Atlanta Falcons
AdamBr20	Brent Adams	LT	1952-06-26	Tenn-Chattanooga	1975,Atlanta Falcons	1976,Atlanta Falcons	1977,Atlanta Falcons
AdamCh00	Charlie Adams	 	1979-10-23	Hofstra	2003,Denver Broncos	2004,Denver Broncos	2005,Denver Broncos
AdamCu00	Curtis Adams	 	1962-04-30	Central Michigan	1985,San Diego Chargers	1986,San Diego Chargers	1987,San Diego Chargers	1988,San Diego Chargers
AdamDa00	Darvin Adams	 	1990-01-05	Auburn	2011,Carolina Panthers
AdamDa01	Davante Adams	WR	1992-12-24	Fresno St.	2014,Green Bay Packers	2015,Green Bay Packers	2016,Green Bay Packers	2017,Green Bay Packers	2018,Green Bay Packers	2019,Green Bay Packers
AdamDa20	David Adams	 	1964-06-24	Arizona	1987,Dallas Cowboys
AdamDo20	Doug Adams	 	1949-11-03	Ohio St.	1971,Cincinnati Bengals	1972,Cincinnati Bengals	1973,Cincinnati Bengals	1974,Cincinnati Bengals
AdamEa20	Earnest Adams	 	1959-03-12	Illinois	1987,Detroit Lions
AdamEd20	Ed Adamchik	 	1941-11-02	Pittsburgh	1965,New York Giants	1965,Pittsburgh Steelers
AdamFl00	Flozell Adams	RG	1975-05-18	Michigan St.	1998,Dallas Cowboys	1999,Dallas Cowboys	2000,Dallas Cowboys	2001,Dallas Cowboys	2002,Dallas Cowboys	2003,Dallas Cowboys	2004,Dallas Cowboys	2005,Dallas Cowboys	2006,Dallas Cowboys	2007,Dallas Cowboys	2008,Dallas Cowboys	2009,Dallas Cowboys	2010,Pittsburgh Steelers
AdamGa99	Gaines Adams	 	1983-06-08	Clemson	2007,Tampa Bay Buccaneers	2008,Tampa Bay Buccaneers	2009,Chicago Bears	2009,Tampa Bay Buccaneers
AdamGe00	George Adams	fb	1962-12-22	Kentucky	1985,New York Giants	1987,New York Giants	1988,New York Giants	1989,New York Giants	1990,New England Patriots	1991,New England Patriots
AdamJa00	Jamal Adams	SS	1995-10-17	LSU	2017,New York Jets	2018,New York Jets	2019,New York Jets
AdamJa20	Jamar Adams	fs	1985-11-29	Michigan	2008,Seattle Seahawks	2009,Seattle Seahawks	2010,Philadelphia Eagles
AdamJe00	Jeff Adams	 	1989-09-06	Columbia	2014,Houston Texans	2015,Houston Texans
AdamJe01	Jerell Adams	 	1992-12-31	South Carolina	2016,New York Giants	2017,New York Giants	2019,Houston Texans
AdamJo00	John Adams	 	1937-11-28	UCLA	1960,Chicago Bears	1961,Chicago Bears	1962,Chicago Bears	1963,Los Angeles Rams
AdamJo01	Joe Adams	 	1989-11-22	Arkansas	2012,Carolina Panthers
AdamJo02	Johnny Adams	 	1989-06-09	Michigan St.	2013,Buffalo Bills
AdamJo03	Josh Adams	 	1996-10-26	Notre Dame	2018,Philadelphia Eagles	2019,New York Jets
AdamJu00	Julius Adams	RDT	1948-04-26	Texas Southern	1971,New England Patriots	1972,New England Patriots	1973,New England Patriots	1974,New England Patriots	1975,New England Patriots	1976,New England Patriots	1977,New England Patriots	1978,New England Patriots	1979,New England Patriots	1980,New England Patriots	1981,New England Patriots	1982,New England Patriots	1983,New England Patriots	1984,New England Patriots	1985,New England Patriots	1987,New England Patriots
AdamKe00	Ken Adamson	LG	1938-10-12	Notre Dame	1960,Denver Broncos	1961,Denver Broncos	1962,Denver Broncos
AdamKe20	Keith Adams	 	1979-11-22	Clemson	2001,Dallas Cowboys	2002,Dallas Cowboys	2002,Philadelphia Eagles	2003,Philadelphia Eagles	2004,Philadelphia Eagles	2005,Philadelphia Eagles	2006,Miami Dolphins	2007,Cleveland Browns
AdamKr00	Kris Adams	 	1987-09-04	Texas-El Paso	2012,Indianapolis Colts
AdamKy00	Kyle Adams	 	1988-01-19	Purdue	2011,Chicago Bears	2012,Chicago Bears	2013,Chicago Bears	2013,Tampa Bay Buccaneers
AdamMa00	Matthew Adams	lb	1995-12-12	Houston	2018,Indianapolis Colts	2019,Indianapolis Colts
AdamMi00	Mike Adams	 	1974-03-25	Texas	1997,Pittsburgh Steelers
AdamMi01	Mike Adamle	rb	1949-10-04	Northwestern	1971,Kansas City Chiefs	1972,Kansas City Chiefs	1973,New York Jets	1974,New York Jets	1975,Chicago Bears	1976,Chicago Bears
AdamMi02	Mike Adams	t	1990-03-10	Ohio St.	2012,Pittsburgh Steelers	2013,Pittsburgh Steelers	2014,Pittsburgh Steelers	2016,Chicago Bears
AdamMi20	Michael Adams	 	1964-04-05	Arkansas St.	1987,New Orleans Saints	1988,New Orleans Saints	1989,Phoenix Cardinals
AdamMi21	Mike Adams	SS	1981-03-24	Delaware	2004,San Francisco 49ers	2005,San Francisco 49ers	2006,San Francisco 49ers	2007,Cleveland Browns	2008,Cleveland Browns	2009,Cleveland Browns	2010,Cleveland Browns	2011,Cleveland Browns	2012,Denver Broncos	2013,Denver Broncos	2014,Indianapolis Colts	2015,Indianapolis Colts	2016,Indianapolis Colts	2017,Carolina Panthers	2018,Carolina Panthers	2019,Houston Texans
AdamMi98	Michael Adams	 	1985-06-17	Louisiana	2007,Arizona Cardinals	2008,Arizona Cardinals	2009,Arizona Cardinals	2010,Arizona Cardinals	2011,Arizona Cardinals	2012,Arizona Cardinals	2013,Tampa Bay Buccaneers
AdamMo00	Montravius Adams	 	1995-07-24	Auburn	2017,Green Bay Packers	2018,Green Bay Packers	2019,Green Bay Packers
AdamPe20	Pete Adams	LG	1951-05-04	USC	1974,Cleveland Browns	1976,Cleveland Browns
AdamPh00	Phillip Adams	cb	1988-07-20	South Carolina St.	2010,San Francisco 49ers	2011,New England Patriots	2011,Seattle Seahawks	2012,Oakland Raiders	2013,Oakland Raiders	2014,New York Jets	2015,Atlanta Falcons
AdamRo01	Rodney Adams	 	1994-09-15	South Florida	2017,Minnesota Vikings
AdamSa00	Sam Adams	LDT	1973-06-13	Texas A&M	1994,Seattle Seahawks	1995,Seattle Seahawks	1996,Seattle Seahawks	1997,Seattle Seahawks	1998,Seattle Seahawks	1999,Seattle Seahawks	2000,Baltimore Ravens	2001,Baltimore Ravens	2002,Oakland Raiders	2003,Buffalo Bills	2004,Buffalo Bills	2005,Buffalo Bills	2006,Cincinnati Bengals	2007,Denver Broncos
AdamSa20	Sam Adams	 	1948-09-20	Prairie View	1972,New England Patriots	1973,New England Patriots	1974,New England Patriots	1975,New England Patriots	1976,New England Patriots	1977,New England Patriots	1978,New England Patriots	1979,New England Patriots	1980,New England Patriots	1981,New Orleans Saints
AdamSc20	Scott Adams	 	1966-09-28	Georgia	1992,Minnesota Vikings	1993,Minnesota Vikings	1994,New Orleans Saints	1995,Chicago Bears	1996,Tampa Bay Buccaneers	1997,Atlanta Falcons
AdamSt20	Stan Adams	 	1960-05-22	Memphis	1984,Los Angeles Raiders
AdamSt21	Stefon Adams	 	1963-08-11	East Carolina	1986,Los Angeles Raiders	1987,Los Angeles Raiders	1988,Los Angeles Raiders	1989,Los Angeles Raiders	1990,Cleveland Browns	1990,Miami Dolphins
AdamTh20	Theo Adams	 	1966-04-24	Hawaii	1992,Seattle Seahawks	1993,Tampa Bay Buccaneers
AdamTi00	Titus Adams	 	1983-01-28	Nebraska	2009,New England Patriots
AdamTo00	Tony Adams	 	1950-03-19	Texas	1975,Kansas City Chiefs	1976,Kansas City Chiefs	1977,Kansas City Chiefs	1978,Kansas City Chiefs	1987,Minnesota Vikings
AdamTo01	Tom Adams	 	1940-04-26	Minnesota-Duluth	1962,Minnesota Vikings
AdamTy00	Tyrell Adams	 	1992-04-11	West Georgia	2016,Oakland Raiders	2017,Oakland Raiders	2018,Houston Texans	2019,Houston Texans
AdamVa20	Vashone Adams	 	1973-09-12	Fort Hays St.	1995,Cleveland Browns	1996,Baltimore Ravens	1997,New Orleans Saints
AdamWi00	Willis Adams	 	1956-08-22	Houston	1979,Cleveland Browns	1980,Cleveland Browns	1981,Cleveland Browns	1982,Cleveland Browns	1983,Cleveland Browns	1984,Cleveland Browns	1985,Cleveland Browns
AdamWi20	Willie Adams	 	1941-12-12	New Mexico St.	1965,Washington Redskins	1966,Washington Redskins
AddaJa00	Jahleel Addae	s	1990-01-24	Central Michigan	2013,San Diego Chargers	2014,San Diego Chargers	2015,San Diego Chargers	2016,San Diego Chargers	2017,Los Angeles Chargers	2018,Los Angeles Chargers	2019,Houston Texans
AddaJo00	Joseph Addai	 	1983-05-03	LSU	2006,Indianapolis Colts	2007,Indianapolis Colts	2008,Indianapolis Colts	2009,Indianapolis Colts	2010,Indianapolis Colts	2011,Indianapolis Colts
AddeHe00	Herb Adderley	LCB	1939-06-08	Michigan St.	1961,Green Bay Packers	1962,Green Bay Packers	1963,Green Bay Packers	1964,Green Bay Packers	1965,Green Bay Packers	1966,Green Bay Packers	1967,Green Bay Packers	1968,Green Bay Packers	1969,Green Bay Packers	1970,Dallas Cowboys	1971,Dallas Cowboys	1972,Dallas Cowboys
AddeNa00	Nasir Adderley	 	1997-05-31	Delaware	2019,Los Angeles Chargers
AddiBr01	Bralon Addison	 	1993-10-12	Oregon	2016,Chicago Bears